{"zoom":4,"current":0,"imageData":[{"undo":[],"redo":[]}],"viewport":{"x":527.2033333333334,"y":221.60999999999996,"scale":0.5933333333333334}}
